type,chapter,progress1,progress2,progress3,editNotes
text,Two major blocs of countries with mostly opposing objectives have formed during the United Nations plastics treaty negotiations.,0,0,0,
text,"<p>The first is the <span style=""background: rgba(255, 165, 0, 0.15); color: darkorange;"">High Ambition Coalition (HAC)</span>, a group of 74 countries plus the European Union that wants a strong, legally binding plastics treaty.</p>
<p>That would include a cap on plastic production, elimination of certain chemicals known to harm human health and the environment, and a cradle-to-grave view of plastics' life cycle.</p><p>To justify a strong treaty, the HAC points to scientific evidence that the manufacture, use, and disposal of plastic is causing harm to the environment and human health.</p> <p>Indigenous and low-income communities tend to be most impacted by these health issues.</p>",0,0,0,
text,"These <span style=""background: rgba(184, 92, 0, 0.15); color: rgb(184, 92, 0);"">10 European countries</span> shown in brown haven't individually joined the HAC. But because they're part of the EU, which votes as a bloc, they're implicitly aligned with the HAC.",0,0,0,
text,"<p>The second bloc is the <span style=""background: rgba(0, 128, 0, 0.15); color: darkgreen;"">Like-Minded Group (LMG)</span>. It opposes plastic production caps and stringent plastic chemical regulations.</p>
<p>LMG countries generally have economies that rely heavily on oil and gas revenue. But the exact membership of LMG is uncertain. A list of six member countries (shown in green) appeared in a meeting paper from INC 3, but the LMG says more, undisclosed countries are members.</p>
<p>Some countries including India, Qatar, Kuwait, and the US, have not explicitly joined the LMG but have supported the group.</p>",0,0,0,"Link for C&EN reporting? ""..shown here [in green]""? Or remove? Is ""in Nairobi, Kenya"" needed?"
text,"<p>The plastics treaty operates under consensus rules, meaning that every country involved in the negotiations must agree for a point to be decided.</p>
<p>But critics say that this method isn't working and that negotiators should switch from seeking consensus to voting, where a two-thirds majority is needed to advance an issue.</p>",0,0,0,"Link for C&EN reporting? ""..shown here [in green]""? Or remove? Is ""in Nairobi, Kenya"" needed?"
text,"<p>In UN treaties, each country gets one vote. If the plastics treaty were to move to voting, the HAC has a clear majority.</p>
<p>But the issue is more complicated than getting a two-thirds vote.</p>",1,0,0,
text,"<p>When we consider the populations of the two blocs, the HAC's majority goes away.</p><p>The idea that a small number of countries are stopping a strict treaty is misleading, says  international law and diplomacy expert John Scanlon.</p>
<p>The LMG, along with some of the countries that support it, represents a large portion of the world's population and its gross domestic product.</p>
<p>They shouldn't be written off as being in the minority, Scanlon says.</p>
<p>This means that the LMG has power stretching beyond its few potential votes.</p>",1,1,0,
text,"<p>However, some think that there is untapped potential for compromise that hasn't yet been explored in plastics treaty negotiations.</p>
<p>We need to get away from the labels and move toward communities understanding each other, and finding what they agree on, UN expert Maria Ivanova says.</p>
<p>Maybe then, the treaty could get somewhere.</p><p>
        <strong>Sources</strong>:
        <a href=""https://population.un.org/wpp/"" class=""chapter-link""
                >United Nations 2024 Revision of World Population Prospects</a
        >;
        <a href=""https://hactoendplasticpollution.org/"" class=""chapter-link""
                >High Ambition Coalition website</a
        >;
        <a
                href=""https://resolutions.unep.org/resolutions/uploads/iran_0.pdf""
                class=""chapter-link"">Iran's statement on behalf of the Like-Minded Group</a
        > (PDF).
</p>",1,1,1,Quotation marks needed?